doc_id,matrix_row,complaint_id,source_record,topic,score,assigned
988521,988521,1697902,2569199,T5,0.3387734889984131,True
866910,866910,1310017,2198422,T4,0.36270010471343994,True
709334,709334,5136627,1752403,T5,0.3613768219947815,True
800663,800663,5169443,2014683,T1,0.29033952951431274,True
419876,419876,3775708,983584,T9,0.6780741214752197,True
901032,901032,5743416,2296931,T9,0.4701822102069855,True
456695,456695,6462758,1058268,T3,0.6621041297912598,True
963780,963780,3368163,2483483,T8,0.36324629187583923,True
365818,365818,3533268,867549,T9,0.5215328335762024,True
1162976,1162976,5782006,3053782,T1,0.3979591727256775,True
26307,26307,4533134,92785,T6,0.6801518797874451,True
422294,422294,5833043,988208,T3,0.35454195737838745,True
56936,56936,4053546,181607,T8,0.6453524827957153,True
359408,359408,6114918,854529,T5,0.45256954431533813,True
132148,132148,5781328,377492,T11,0.9127925038337708,True
265287,265287,1445372,667180,T5,0.3414768576622009,True
1161226,1161226,5460204,3049149,T4,0.6054466962814331,True
1151588,1151588,5302924,3019565,T4,0.405839204788208,True
88523,88523,3691189,273804,T2,0.4097897410392761,True
1195780,1195780,6592050,3204285,T11,0.9386433959007263,True
558102,558102,3415660,1304100,T10,0.3311912715435028,True
169410,169410,2825963,463316,T3,0.37865546345710754,True
1157322,1157322,5973467,3037798,T2,0.5175064206123352,True
916224,916224,5818444,2338876,T9,0.5495480298995972,True
183014,183014,3174382,497784,T3,0.5437756180763245,True
884805,884805,4566241,2250892,T3,0.414919376373291,True
665888,665888,2130358,1613702,T5,0.5829145908355713,True
752644,752644,3489825,1878730,T8,0.5019519925117493,True
874126,874126,5796815,2219854,T3,0.3553681969642639,True
1160671,1160671,5452721,3047760,T2,0.5831049680709839,True
171190,171190,2756131,468490,T5,0.3905489444732666,True
1113301,1113301,2467237,2932267,T10,0.5221520066261292,True
634877,634877,4698257,1518244,T1,0.6271755695343018,True
466850,466850,4436229,1082083,T1,0.7518129348754883,True
809590,809590,3627308,2039856,T3,0.37266266345977783,True
565231,565231,5106897,1319913,T3,0.4814724624156952,True
13469,13469,4865985,59272,T2,0.29484543204307556,True
9088,9088,4615505,46825,T9,0.47735878825187683,True
481080,481080,6001246,1119473,T11,0.44295191764831543,True
1177395,1177395,1302906,3094102,T5,0.784948468208313,True
318379,318379,4009850,770944,T9,0.7417005896568298,True
296714,296714,6736034,728760,T2,0.362610787153244,True
1091501,1091501,1955153,2883351,T5,0.3738919794559479,True
728504,728504,4857304,1811742,T4,0.2423049807548523,True
907748,907748,2135033,2315437,T5,0.4665752053260803,True
81218,81218,2468907,254466,T3,0.4540073275566101,True
79411,79411,6587874,249543,T4,0.7576444149017334,True
402755,402755,3833833,949557,T4,0.8393179178237915,True
431405,431405,6489442,1006613,T9,0.9625336527824402,True
1234426,1234426,2905962,3368107,T2,0.39879047870635986,True
823697,823697,4187945,2081329,T2,0.5548944473266602,True
285821,285821,5296304,707407,T3,0.6705922484397888,True
163624,163624,3526005,448592,T1,0.6632871031761169,True
243007,243007,2671504,622314,T5,0.47351890802383423,True
896003,896003,6075569,2282981,T9,0.9563480615615845,True
593090,593090,5473741,1393597,T2,0.31102508306503296,True
1289686,1289686,6603075,3566489,T3,0.54305100440979,True
280331,280331,5364857,696328,T2,0.7405038475990295,True
166792,166792,4748789,456351,T5,0.7021365165710449,True
796470,796470,4668860,2003750,T9,0.4064282774925232,True
214344,214344,5964062,562433,T11,0.9774706363677979,True
676702,676702,2806455,1648194,T2,0.3202900290489197,True
497004,497004,4320129,1157207,T10,0.714145839214325,True
1086996,1086996,2046019,2872274,T10,0.5543718934059143,True
794832,794832,5915291,1999180,T12,0.6374930143356323,True
876491,876491,3050246,2226911,T2,0.5393834114074707,True
533988,533988,2573529,1249271,T5,0.39502787590026855,True
960017,960017,3231293,2471526,T5,0.775184690952301,True
1085744,1085744,6550734,2868888,T9,0.5639379620552063,True
1166696,1166696,5538824,3063906,T9,0.46145132184028625,True
269900,269900,1420060,676110,T5,0.5099009275436401,True
239922,239922,4429159,615615,T11,0.2514464557170868,True
379262,379262,1451750,897925,T1,0.2652031481266022,True
202078,202078,2434078,537378,T3,0.5578925013542175,True
1235684,1235684,6196958,3371827,T3,0.6639029383659363,True
176954,176954,3182076,483535,T10,0.4496306777000427,True
911981,911981,3905422,2327326,T6,0.5174658298492432,True
855160,855160,3858041,2168321,T9,0.801137387752533,True
104540,104540,3499510,313512,T6,0.6492477655410767,True
1179862,1179862,5901526,3110982,T9,0.6826754212379456,True
879382,879382,4072099,2235397,T9,0.4047202169895172,True
31374,31374,2067475,107613,T3,0.35557660460472107,True
504764,504764,2845491,1176764,T5,0.3856178820133209,True
816270,816270,6164721,2060210,T11,0.9804959297180176,True
670892,670892,4745137,1629507,T4,0.6865560412406921,True
1141723,1141723,1592002,2984098,T3,0.32699865102767944,True
178653,178653,4459489,487454,T9,0.9166650772094727,True
226462,226462,6737066,588629,T4,0.7708302736282349,True
1030918,1030918,2814232,2700876,T10,0.3642672300338745,True
581613,581613,4714228,1361977,T9,0.7069002985954285,True
237047,237047,5752543,608863,T9,0.3901723623275757,True
1032031,1032031,2846255,2704282,T4,0.6376212239265442,True
383422,383422,4662710,907942,T9,0.26423436403274536,True
452192,452192,3956144,1048744,T9,0.9294859170913696,True
1229425,1229425,4828471,3350355,T4,0.43330058455467224,True
1003335,1003335,4107643,2616494,T1,0.794913649559021,True
1288191,1288191,5784697,3532444,T8,0.43028178811073303,True
840360,840360,6044585,2127570,T8,0.7696502208709717,True
166981,166981,4464839,456826,T9,0.8402881026268005,True
853034,853034,3747109,2162302,T1,0.446761816740036,True
548106,548106,3309811,1283343,T5,0.7059634923934937,True
1224386,1224386,5480834,3336250,T3,0.4825849235057831,True
716352,716352,1378767,1774831,T10,0.676674485206604,True
277040,277040,4635899,689585,T5,0.646748423576355,True
1151567,1151567,1765977,3019480,T10,0.40719959139823914,True
611545,611545,6442357,1446078,T9,0.5213513374328613,True
167050,167050,4495287,457002,T1,0.32778629660606384,True
1191917,1191917,6319026,3171783,T2,0.30110302567481995,True
862573,862573,4178909,2186540,T6,0.40647876262664795,True
890197,890197,5455718,2266333,T4,0.6934503316879272,True
1215214,1215214,2627798,3303115,T10,0.6924416422843933,True
1227824,1227824,2476068,3344647,T1,0.4572939872741699,True
969728,969728,4546364,2504285,T1,0.65036541223526,True
1217758,1217758,2313428,3316693,T10,0.5524301528930664,True
572379,572379,6515629,1338769,T5,0.35758721828460693,True
1132175,1132175,2137677,2967236,T3,0.4939013421535492,True
474841,474841,5493234,1102598,T1,0.7208573818206787,True
541706,541706,5410386,1269115,T9,0.949073076248169,True
357390,357390,6117419,850111,T11,0.9883963465690613,True
521162,521162,3839206,1215575,T9,0.4273020625114441,True
861683,861683,3915914,2184213,T4,0.5382384061813354,True
520718,520718,2324184,1214505,T8,0.26355040073394775,True
172084,172084,3512586,470817,T5,0.8487505912780762,True
60669,60669,2845397,192950,T5,0.42356380820274353,True
1044314,1044314,2981998,2740938,T3,0.30485132336616516,True
696907,696907,4201552,1714855,T5,0.639934241771698,True
113476,113476,2941392,334795,T1,0.27041012048721313,True
547211,547211,5199852,1281733,T11,0.4926454722881317,True
768771,768771,4369845,1923861,T9,0.4931536614894867,True
491578,491578,5413452,1145051,T12,0.6374930143356323,True
848215,848215,5385979,2149038,T12,0.6947820782661438,True
356814,356814,2486493,849080,T5,0.3375694751739502,True
763286,763286,6165027,1907701,T2,0.48159167170524597,True
662888,662888,3807464,1603588,T2,0.7708257436752319,True
999978,999978,4114795,2606031,T1,0.49392759799957275,True
292477,292477,2908803,720565,T1,0.3944105803966522,True
582750,582750,2779016,1364687,T10,0.6635953187942505,True
160247,160247,3260042,440247,T4,0.6614625453948975,True
1272888,1272888,2675277,3488502,T4,0.322627991437912,True
715010,715010,3465387,1770446,T2,0.7607913613319397,True
70554,70554,3833587,223307,T2,0.48485267162323,True
1010397,1010397,3521859,2638029,T4,0.34125766158103943,True
106178,106178,3104953,317499,T1,0.39263927936553955,True
350424,350424,4373076,834765,T1,0.5948123335838318,True
810621,810621,5512015,2042589,T9,0.8230268955230713,True
636164,636164,3788405,1521990,T3,0.25695618987083435,True
23887,23887,1984626,86688,T10,0.5247623920440674,True
798612,798612,4505296,2009208,T1,0.7618955969810486,True
135435,135435,2875141,385223,T1,0.6807959675788879,True
538423,538423,3507166,1260517,T3,0.3839699923992157,True
437785,437785,5816688,1019689,T9,0.7865496277809143,True
428479,428479,6455511,1000314,T9,0.3825126886367798,True
30026,30026,3245680,103786,T7,0.21325814723968506,True
472127,472127,5517653,1095214,T11,0.7591177821159363,True
1006919,1006919,3886358,2627756,T2,0.30255967378616333,True
781482,781482,6067876,1961697,T11,0.9781740307807922,True
1255355,1255355,1349823,3439264,T2,0.5883960127830505,True
713822,713822,5280112,1766721,T2,0.8118213415145874,True
196236,196236,2919201,525319,T10,0.43688440322875977,True
160615,160615,2934169,441054,T10,0.35493892431259155,True
1037264,1037264,2754598,2720971,T1,0.6695440411567688,True
1242963,1242963,6352593,3394335,T2,0.6107720732688904,True
1265527,1265527,2895318,3472733,T8,0.23576514422893524,True
631672,631672,1946463,1508448,T10,0.4615403711795807,True
1276264,1276264,4015895,3499003,T1,0.6842219829559326,True
666137,666137,2724373,1614531,T6,0.7708304524421692,True
607605,607605,5114627,1434439,T9,0.5620153546333313,True
1265697,1265697,2894945,3473099,T2,0.43694573640823364,True
594714,594714,2855020,1397926,T3,0.42195412516593933,True
207289,207289,4213645,548614,T10,0.5281158685684204,True
787421,787421,4563062,1979169,T1,0.5443589687347412,True
422865,422865,6486986,989218,T3,0.3464360535144806,True
475819,475819,6347913,1105155,T5,0.3367448151111603,True
474785,474785,3385289,1102412,T6,0.3206475079059601,True
132056,132056,3383835,377298,T5,0.42734917998313904,True
405746,405746,5862679,955498,T11,0.524773359298706,True
1208916,1208916,6211310,3270773,T3,0.5124933123588562,True
944283,944283,6019893,2422148,T2,0.404800683259964,True
958778,958778,3697825,2467964,T10,0.3454723358154297,True
528011,528011,4205961,1233992,T1,0.83218914270401,True
512302,512302,2969212,1194879,T1,0.42581555247306824,True
662678,662678,1415838,1602807,T4,0.7750803828239441,True
9306,9306,4811263,47194,T1,0.5348519086837769,True
558673,558673,1463238,1305199,T1,0.5106488466262817,True
353520,353520,3547361,841488,T2,0.8644087910652161,True
1026633,1026633,2901427,2687446,T8,0.6119513511657715,True
243227,243227,4070087,622743,T5,0.7461437582969666,True
875091,875091,3055950,2222749,T1,0.6075472235679626,True
190711,190711,5732800,514407,T2,0.9931076169013977,True
780618,780618,4162173,1958932,T6,0.4936484098434448,True
475437,475437,3266465,1104190,T3,0.44260090589523315,True
637225,637225,5842806,1525141,T11,0.8058613538742065,True
1245348,1245348,6343850,3407008,T11,0.8578374981880188,True
954835,954835,2367820,2455313,T5,0.4124804139137268,True
597609,597609,3161468,1405535,T10,0.40691322088241577,True
219523,219523,4706841,573533,T9,0.5205405950546265,True
1261196,1261196,3668460,3462846,T4,0.3678068220615387,True
901313,901313,3968135,2297755,T9,0.33256202936172485,True
648463,648463,5430375,1560146,T4,0.5440029501914978,True
1136592,1136592,2241611,2975003,T5,0.5646721720695496,True
817104,817104,3244340,2062728,T10,0.48828810453414917,True
618804,618804,3142547,1469204,T9,0.44666600227355957,True
791372,791372,4523119,1990129,T11,0.7085748910903931,True
627876,627876,5186889,1496852,T9,0.708774745464325,True
940695,940695,3901900,2410963,T3,0.6852802038192749,True
220665,220665,2712300,575945,T3,0.2868307828903198,True
740174,740174,3832581,1843471,T5,0.31543368101119995,True
414284,414284,3779692,972978,T3,0.4242698550224304,True
403566,403566,3423248,951182,T1,0.6942379474639893,True
728984,728984,3265862,1813025,T4,0.6114992499351501,True
734408,734408,4464741,1827694,T4,0.47173917293548584,True
911811,911811,4451951,2326931,T2,0.3538490831851959,True
1203143,1203143,3163639,3244655,T9,0.33185893297195435,True
504153,504153,4314285,1175405,T2,0.4940876364707947,True
288581,288581,1732696,712818,T1,0.6754503846168518,True
198877,198877,2820034,530385,T5,0.47900503873825073,True
1189842,1189842,4965556,3161465,T5,0.4971466064453125,True
962169,962169,3922587,2478165,T4,0.5442943572998047,True
166171,166171,5405778,454892,T4,0.43336930871009827,True
1271097,1271097,2708960,3484833,T8,0.6084911227226257,True
218928,218928,3543603,572248,T10,0.3592957854270935,True
508993,508993,3082486,1186931,T3,0.5863839387893677,True
390744,390744,3943043,923729,T5,0.6296257972717285,True
1130224,1130224,1458453,2963900,T3,0.38289692997932434,True
364492,364492,6429959,865095,T10,0.39609405398368835,True
1150245,1150245,1534506,3013184,T8,0.5187888741493225,True
534041,534041,2572262,1249412,T1,0.2351314127445221,True
1038397,1038397,3575662,2724246,T2,0.5649682283401489,True
1165936,1165936,5533941,3061869,T10,0.49156513810157776,True
289158,289158,5293978,713875,T9,0.5536363124847412,True
64576,64576,3857646,205240,T3,0.3929188847541809,True
1006349,1006349,3104903,2626076,T2,0.37838131189346313,True
1006947,1006947,4553405,2627853,T11,0.5578506588935852,True
290229,290229,2632275,715955,T5,0.5299986600875854,True
876719,876719,2338087,2227658,T3,0.7703936696052551,True
1282231,1282231,6215901,3512678,T8,0.6019957661628723,True
171732,171732,2493546,470066,T10,0.45738792419433594,True
442528,442528,3442427,1029069,T9,0.5924667716026306,True
398820,398820,4041682,940984,T5,0.4610840380191803,True
359614,359614,3536255,855024,T3,0.5511362552642822,True
707231,707231,6297389,1746420,T1,0.44833168387413025,True
495257,495257,3022606,1153253,T9,0.7863696217536926,True
1095850,1095850,1752797,2895844,T5,0.3461710810661316,True
16593,16593,6417962,68390,T11,0.8983665108680725,True
814971,814971,4417869,2056075,T3,0.4914397895336151,True
484060,484060,3349798,1126556,T3,0.2779163122177124,True
275544,275544,4015056,686715,T4,0.5331529378890991,True
1070207,1070207,2590867,2822689,T10,0.5208720564842224,True
293644,293644,2730726,722759,T7,0.2720829248428345,True
1245185,1245185,3359385,3406644,T3,0.8877419233322144,True
793420,793420,5849456,1995483,T12,0.9800722002983093,True
65476,65476,3904768,207845,T8,0.4859341084957123,True
700638,700638,1566411,1726476,T2,0.5952742695808411,True
706533,706533,4453190,1744192,T9,0.9294859170913696,True
123954,123954,3450692,359304,T2,0.3123169243335724,True
275434,275434,6551464,686511,T12,0.9425035119056702,True
880944,880944,2981514,2239838,T5,0.42118918895721436,True
1105422,1105422,6541611,2916030,T10,0.8561162948608398,True
895264,895264,5183542,2280818,T1,0.7908779978752136,True
1185285,1185285,6163039,3137121,T1,0.7390010952949524,True
1085221,1085221,3398744,2867624,T5,0.832858681678772,True
1032154,1032154,2812326,2704688,T4,0.4636417031288147,True
695048,695048,6645142,1708914,T12,0.9514934420585632,True
382707,382707,4334508,906068,T9,0.9722216129302979,True
908211,908211,4772105,2316759,T4,0.4898802936077118,True
590581,590581,5629150,1386421,T3,0.42619356513023376,True
292136,292136,4402453,719902,T8,0.6193057894706726,True
929930,929930,5367681,2378801,T3,0.7681774497032166,True
90157,90157,3628511,277835,T4,0.561125636100769,True
1012200,1012200,3538793,2643596,T5,0.2936629056930542,True
533225,533225,6373933,1246974,T12,0.6224279403686523,True
474217,474217,3770511,1100769,T1,0.3528660535812378,True
1009216,1009216,3199332,2634684,T3,0.7585164904594421,True
346231,346231,6440661,824881,T4,0.44225069880485535,True
1061205,1061205,3341875,2794221,T4,0.7708327770233154,True
905452,905452,2963308,2309195,T2,0.5858098268508911,True
1194947,1194947,6478185,3198489,T9,0.5348033308982849,True
1080309,1080309,2444336,2852745,T2,0.40876659750938416,True
1061662,1061662,2671025,2795633,T9,0.8472210168838501,True
880199,880199,4748568,2237733,T5,0.39655131101608276,True
725878,725878,2121971,1803986,T9,0.8854143619537354,True
1194417,1194417,5625367,3193588,T2,0.5083766579627991,True
646503,646503,6222015,1554035,T9,0.3898099660873413,True
942860,942860,3768240,2417831,T1,0.47913533449172974,True
469277,469277,3714081,1088139,T8,0.3931276500225067,True
408137,408137,4671272,960217,T9,0.5313499569892883,True
546844,546844,5173882,1281033,T4,0.5568791031837463,True
1258500,1258500,3753134,3453255,T9,0.9227718710899353,True
392693,392693,6334232,928013,T9,0.5259878635406494,True
191944,191944,5969186,516804,T10,0.4793359935283661,True
859099,859099,4241573,2178233,T2,0.7135325074195862,True
296753,296753,5664414,728823,T8,0.5123831033706665,True
403516,403516,6342103,951066,T4,0.8532399535179138,True
1270329,1270329,3188822,3483129,T10,0.4939124882221222,True
788181,788181,2843511,1981166,T10,0.4758964776992798,True
101877,101877,3886179,306959,T10,0.5513476729393005,True
787606,787606,4690438,1979675,T6,0.4891740381717682,True
194660,194660,3798919,522343,T6,0.29617437720298767,True
1262260,1262260,6564873,3465290,T8,0.4269659221172333,True
522413,522413,6494981,1218553,T11,0.9897002577781677,True
25482,25482,6033561,90416,T9,0.6479587554931641,True
1217151,1217151,3682863,3313554,T4,0.8636972308158875,True
601781,601781,3482031,1417237,T1,0.432545930147171,True
841132,841132,3338079,2129582,T11,0.6999675035476685,True
940055,940055,2933096,2408791,T1,0.6552062630653381,True
649280,649280,3229373,1562510,T4,0.4292542338371277,True
98081,98081,6630659,297641,T1,0.19246795773506165,True
983481,983481,3559927,2552595,T8,0.3848162889480591,True
178088,178088,4459936,486016,T9,0.8468400239944458,True
99057,99057,2270127,299973,T9,0.6859332323074341,True
68901,68901,5972663,218167,T8,0.598115086555481,True
620963,620963,4920721,1475877,T1,0.47016966342926025,True
405436,405436,4151911,954915,T8,0.3965756297111511,True
1148537,1148537,1787969,3003300,T9,0.833723783493042,True
14116,14116,3319139,61310,T5,0.3155227601528168,True
742571,742571,4720250,1850807,T8,0.40767455101013184,True
278424,278424,6830101,692241,T12,0.5699280500411987,True
1264580,1264580,6338453,3470246,T8,0.28391003608703613,True
959954,959954,3400334,2471346,T5,0.4815950095653534,True
1138628,1138628,2086064,2978511,T1,0.5158343315124512,True
483126,483126,3665902,1124359,T1,0.7188582420349121,True
297832,297832,3477861,730871,T4,0.8472198843955994,True
1263414,1263414,2904298,3467608,T3,0.36213418841362,True
1115005,1115005,1872718,2935674,T7,0.2892801761627197,True
1212501,1212501,6307818,3291152,T11,0.9812920093536377,True
1008096,1008096,3083122,2631345,T9,0.5890819430351257,True
902013,902013,3024206,2299677,T2,0.3373042047023773,True
888806,888806,2374134,2262525,T2,0.726189136505127,True
140495,140495,3287604,396397,T2,0.7708271145820618,True
285795,285795,4827333,707367,T10,0.5805368423461914,True
1244320,1244320,2819188,3403737,T9,0.49353766441345215,True
119276,119276,6256359,348499,T8,0.4997154176235199,True
69169,69169,3851490,219005,T8,0.24185852706432343,True
197877,197877,2953030,528509,T9,0.5681875944137573,True
332524,332524,3960936,797617,T5,0.3293604850769043,True
715033,715033,3276825,1770519,T4,0.6962987184524536,True
784485,784485,5549723,1970612,T12,0.6947820782661438,True
963748,963748,3368704,2483385,T9,0.5498937368392944,True
1140229,1140229,1802763,2981508,T5,0.7936217784881592,True
1151205,1151205,2163191,3017167,T3,0.8488172888755798,True
886253,886253,4126448,2255282,T9,0.6514955163002014,True
677804,677804,6091954,1651239,T8,0.32778793573379517,True
1265138,1265138,3682776,3471845,T8,0.4817686080932617,True
844730,844730,5147723,2138720,T9,0.5982072949409485,True
275004,275004,3085986,685741,T4,0.5328077673912048,True
19426,19426,2772573,76162,T8,0.4744437336921692,True
525703,525703,3583232,1227643,T9,0.6608830094337463,True
344948,344948,4771129,822143,T9,0.6549023985862732,True
94899,94899,5877106,289700,T11,0.9713539481163025,True
893373,893373,5284238,2275170,T10,0.8539341688156128,True
1029487,1029487,2818034,2696506,T8,0.6628838181495667,True
215175,215175,3582384,563988,T8,0.24021030962467194,True
11512,11512,3352204,53251,T1,0.416350781917572,True
960723,960723,3892628,2473604,T8,0.5790286064147949,True
380183,380183,4731109,900108,T8,0.4892358183860779,True
1105488,1105488,1914486,2916193,T10,0.5508332252502441,True
985091,985091,6668444,2557857,T12,0.742298424243927,True
391260,391260,3846772,924938,T9,0.643062174320221,True
258836,258836,5643229,655249,T11,0.9722219705581665,True
54699,54699,2990583,174097,T3,0.33873775601387024,True
892011,892011,6117960,2271304,T5,0.39524906873703003,True
424326,424326,6472530,991874,T8,0.4556421637535095,True
69505,69505,3845438,220047,T8,0.5744338631629944,True
644748,644748,3579416,1548711,T9,0.2950763404369354,True
324263,324263,1726520,781902,T8,0.7044926881790161,True
203176,203176,3148138,539806,T10,0.6444451212882996,True
814524,814524,4721252,2054625,T9,0.7999657392501831,True
482755,482755,5456023,1123477,T6,0.6940199732780457,True
224361,224361,5976352,584034,T12,0.9758768677711487,True
667900,667900,3999444,1620419,T3,0.25495436787605286,True
252097,252097,5703687,641936,T11,0.9200034737586975,True
541857,541857,4204580,1269469,T10,0.3578343689441681,True
1242262,1242262,5878994,3391915,T2,0.5298612117767334,True
447798,447798,2144651,1039316,T8,0.3223913311958313,True
839811,839811,3626769,2126101,T10,0.5853604078292847,True
176165,176165,6499528,481727,T9,0.5751678943634033,True
933580,933580,3213170,2389289,T2,0.5315003395080566,True
635594,635594,3753253,1520344,T2,0.4773809313774109,True
1137957,1137957,6532867,2977326,T10,0.36810046434402466,True
770351,770351,3021689,1928581,T3,0.4250234365463257,True
7956,7956,5738169,43488,T9,0.8527443408966064,True
443418,443418,5802163,1030749,T9,0.47609102725982666,True
633855,633855,4727726,1515100,T3,0.4312467575073242,True
218693,218693,1695848,571774,T2,0.30670106410980225,True
80685,80685,3638627,252917,T4,0.4637131690979004,True
1003799,1003799,3943605,2617942,T1,0.5768603682518005,True
28792,28792,4521052,99968,T10,0.39908352494239807,True
1194017,1194017,3930392,3189372,T4,0.4809470474720001,True
11389,11389,5092352,52955,T3,0.29763901233673096,True
672000,672000,5926925,1633182,T3,0.30349546670913696,True
758606,758606,2930839,1895023,T5,0.6242561936378479,True
852940,852940,3744737,2162028,T8,0.43065014481544495,True
1154064,1154064,6378023,3028372,T5,0.31337428092956543,True
42614,42614,4264151,140021,T4,0.448573499917984,True
278356,278356,3130641,692117,T3,0.29333046078681946,True
253793,253793,4418104,645578,T9,0.5701873302459717,True
275558,275558,4119916,686735,T5,0.4895126521587372,True
206474,206474,4512443,547034,T8,0.6183049082756042,True
781227,781227,2671908,1960879,T10,0.5146138072013855,True
267784,267784,6237786,671968,T9,0.6245428919792175,True
953144,953144,4008969,2449607,T4,0.7708327770233154,True
570789,570789,3371091,1334570,T2,0.5271549820899963,True
607458,607458,1810881,1433973,T10,0.43988534808158875,True
763659,763659,4618347,1908809,T8,0.7003344297409058,True
442033,442033,5807522,1028050,T2,0.9827319979667664,True
1133888,1133888,1291028,2970185,T8,0.6558148264884949,True
1119586,1119586,4865788,2944347,T7,0.2997359335422516,True
923804,923804,4258260,2360525,T5,0.4022122919559479,True
127962,127962,2879896,368211,T9,0.46808940172195435,True
1015869,1015869,4680765,2654749,T8,0.361941933631897,True
525761,525761,4234866,1227849,T8,0.8331868648529053,True
1213916,1213916,6301021,3296708,T2,0.6552915573120117,True
348449,348449,6118731,830101,T11,0.35725244879722595,True
731483,731483,5755893,1819739,T11,0.969444215297699,True
1007823,1007823,3101886,2630569,T4,0.5264866948127747,True
1180561,1180561,4667785,3115038,T4,0.4476030170917511,True
210527,210527,5979613,555165,T2,0.5110604763031006,True
337903,337903,2554937,808360,T1,0.4541037082672119,True
1267438,1267438,2842576,3476929,T8,0.8344630002975464,True
1258086,1258086,3854060,3452061,T9,0.9601699113845825,True
689279,689279,6019707,1690017,T5,0.34868383407592773,True
30229,30229,3245126,104349,T8,0.33661675453186035,True
197754,197754,6675306,528241,T4,0.3835536539554596,True
364077,364077,1960580,864172,T10,0.3721914291381836,True
296142,296142,3305251,727701,T5,0.5719137191772461,True
627086,627086,4138754,1494484,T3,0.5971070528030396,True
79605,79605,3789718,250086,T6,0.44816434383392334,True
1003545,1003545,4194611,2617159,T4,0.36618945002555847,True
20163,20163,6293553,78187,T11,0.922535240650177,True
955250,955250,6692528,2456568,T11,0.975734293460846,True
485560,485560,5441232,1130360,T4,0.5661566853523254,True
10818,10818,3057906,51554,T2,0.36441871523857117,True
243041,243041,2398114,622384,T7,0.5121921896934509,True
588845,588845,5660317,1381685,T6,0.5011559128761292,True
820478,820478,5188228,2071942,T4,0.6772171258926392,True
1232171,1232171,2724325,3360315,T8,0.7655630111694336,True
730228,730228,3775410,1816261,T10,0.6248152256011963,True
98398,98398,1292660,298362,T10,0.4393937885761261,True
391964,391964,6339881,926523,T9,0.7727019786834717,True
1095052,1095052,6534520,2893556,T9,0.9294858574867249,True
1274166,1274166,5881312,3492169,T5,0.3060288727283478,True
912993,912993,5153829,2330055,T2,0.6160580515861511,True
226258,226258,3581047,588113,T3,0.5395491719245911,True
140320,140320,5647979,396040,T3,0.3978061378002167,True
226330,226330,5903510,588269,T9,0.9601432085037231,True
73700,73700,3818741,233407,T9,0.5430914163589478,True
316293,316293,5044267,767017,T9,0.9770827293395996,True
147715,147715,3354928,411651,T9,0.9460768103599548,True
200593,200593,4519407,534071,T7,0.3129182457923889,True
979015,979015,3227354,2536935,T11,0.7294559478759766,True
597079,597079,6681475,1404131,T4,0.47356364130973816,True
993873,993873,4682552,2586472,T2,0.6049455404281616,True
818793,818793,2727021,2067481,T4,0.3582041561603546,True
9850,9850,4807339,48355,T1,0.41688627004623413,True
28954,28954,3257033,100479,T9,0.5050737261772156,True
110170,110170,3314719,326911,T2,0.3798314929008484,True
571978,571978,3157083,1337690,T3,0.6350480914115906,True
1095027,1095027,6534542,2893507,T4,0.4637053310871124,True
788946,788946,4096370,1983294,T9,0.5014930367469788,True
67124,67124,6431143,212532,T1,0.640489399433136,True
578763,578763,5771234,1355268,T9,0.49813657999038696,True
202095,202095,2479770,537408,T1,0.30427786707878113,True
1289101,1289101,6575294,3548883,T10,0.6582661271095276,True
689921,689921,2890250,1692055,T5,0.36863985657691956,True
694133,694133,1294527,1705967,T1,0.5155420899391174,True
657116,657116,4309258,1584811,T5,0.36636805534362793,True
346602,346602,6122612,825589,T4,0.757644534111023,True
1063505,1063505,2651684,2801683,T10,0.602101743221283,True
346487,346487,3099298,825369,T8,0.5770536065101624,True
864590,864590,5433365,2192005,T4,0.6162223815917969,True
470012,470012,5523176,1089763,T8,0.48607638478279114,True
298230,298230,4916965,731668,T1,0.6760911345481873,True
397518,397518,1684654,938164,T3,0.5401850938796997,True
614486,614486,5919931,1455222,T11,0.9713538289070129,True
1008339,1008339,2821179,2632106,T5,0.5197676420211792,True
1078181,1078181,2466244,2846265,T8,0.5287074446678162,True
631841,631841,6103147,1508987,T9,0.520330548286438,True
347492,347492,6132240,827681,T4,0.5918489694595337,True
1140698,1140698,1449318,2982339,T5,0.6743201613426208,True
323341,323341,6461184,780181,T8,0.6157605648040771,True
287436,287436,2977449,710632,T9,0.583348274230957,True
752364,752364,2562088,1877996,T10,0.41277867555618286,True
1064574,1064574,6645301,2805124,T9,0.9042865037918091,True
27033,27033,2825076,94760,T4,0.8472196459770203,True
1092428,1092428,6013729,2885835,T9,0.8931563496589661,True
600200,600200,6179934,1412643,T11,0.7086594700813293,True
1255332,1255332,1674341,3439226,T5,0.9294856786727905,True
881303,881303,5312953,2240827,T1,0.6155673265457153,True
550971,550971,3704944,1289182,T9,0.4344770610332489,True
908399,908399,3097059,2317247,T4,0.42786741256713867,True
1173075,1173075,1873497,3081989,T5,0.5735313892364502,True
712209,712209,3189107,1762059,T1,0.564348042011261,True
1084268,1084268,2095262,2865230,T10,0.5703322291374207,True
472812,472812,5515610,1097099,T1,0.6108334064483643,True
215620,215620,6289722,564911,T2,0.4507962465286255,True
26884,26884,2550369,94352,T10,0.5325698852539062,True
578851,578851,3243225,1355525,T10,0.4674000144004822,True
319269,319269,5406125,772598,T4,0.5057107210159302,True
854831,854831,5559288,2167387,T9,0.8030731678009033,True
1246641,1246641,5874889,3410284,T9,0.5730026960372925,True
628151,628151,6113045,1497674,T12,0.36173149943351746,True
446742,446742,5796082,1037101,T11,0.5910905599594116,True
489383,489383,3766444,1140090,T5,0.5732730031013489,True
661001,661001,1949255,1596969,T1,0.9633319973945618,True
649547,649547,3483805,1563290,T1,0.5355629920959473,True
840294,840294,3346271,2127388,T1,0.45132017135620117,True
34847,34847,6463471,117562,T11,0.5903534889221191,True
1203367,1203367,5997204,3245423,T3,0.44862809777259827,True
649045,649045,5416200,1561860,T8,0.5509642958641052,True
169860,169860,3515726,464551,T9,0.8981464505195618,True
179116,179116,4954363,488534,T9,0.39378446340560913,True
402835,402835,6414694,949731,T3,0.4274560511112213,True
1134936,1134936,1794167,2972029,T10,0.6169368624687195,True
627552,627552,4499343,1495855,T8,0.25199803709983826,True
486430,486430,5438648,1132487,T11,0.7848367691040039,True
1091147,1091147,6617334,2882477,T11,0.9786816239356995,True
584526,584526,2396302,1369459,T4,0.4896625578403473,True
278354,278354,3130509,692115,T4,0.6746265888214111,True
762350,762350,3294549,1905016,T10,0.504282534122467,True
863681,863681,5340238,2189412,T9,0.7388445138931274,True
613509,613509,6126899,1452160,T9,0.5828742980957031,True
993433,993433,4179603,2585106,T2,0.434023916721344,True
1901,1901,6601632,20356,T11,0.9753413200378418,True
79023,79023,4182273,248570,T5,0.5856643319129944,True
465201,465201,6579163,1078080,T9,0.9758766889572144,True
945348,945348,2336425,2425751,T6,0.2837308347225189,True
735115,735115,5504248,1829617,T3,0.5278586149215698,True
171746,171746,1754241,470092,T3,0.44762396812438965,True
687282,687282,3070000,1683608,T9,0.19341738522052765,True
445152,445152,3274910,1034029,T8,0.6046832203865051,True
97110,97110,1625995,295451,T1,0.5015963912010193,True
600481,600481,5297234,1413502,T9,0.5545798540115356,True
137965,137965,4958112,390955,T8,0.7987818121910095,True
827279,827279,6438725,2091001,T3,0.7267239689826965,True
109464,109464,5044427,325225,T1,0.5962697863578796,True
834031,834031,3679981,2109509,T8,0.8854146599769592,True
183284,183284,5383493,498562,T9,0.9745365977287292,True
1220756,1220756,6419610,3326371,T9,0.3275037705898285,True
990750,990750,1690056,2576482,T8,0.5325124859809875,True
496968,496968,4320180,1157117,T3,0.33871352672576904,True
1066920,1066920,6342765,2812955,T2,0.4404957890510559,True
564508,564508,3195699,1317890,T11,0.7352297306060791,True
292669,292669,5263161,720919,T3,0.5039394497871399,True
1155931,1155931,5382479,3033633,T4,0.5246408581733704,True
808678,808678,3241058,2037179,T2,0.4485359489917755,True
321280,321280,3970733,776347,T1,0.49342861771583557,True
1006538,1006538,4165740,2626623,T2,0.5098157525062561,True
671815,671815,4328350,1632607,T8,0.39141127467155457,True
74200,74200,5123038,234998,T2,0.31026408076286316,True
593959,593959,2761246,1396006,T4,0.44799885153770447,True
349167,349167,4849966,831861,T8,0.3562951683998108,True
178678,178678,5477449,487505,T2,0.40947631001472473,True
1138081,1138081,1667045,2977555,T1,0.8618898391723633,True
496606,496606,3766910,1156228,T5,0.7025268077850342,True
873626,873626,4184582,2218468,T9,0.500668466091156,True
1126378,1126378,2323243,2957117,T4,0.581747829914093,True
934102,934102,5264540,2390870,T10,0.3946244716644287,True
50626,50626,4556567,161653,T9,0.7268590331077576,True
1224059,1224059,2574430,3335549,T9,0.4625729024410248,True
1092795,1092795,6040791,2886899,T2,0.4640713632106781,True
1187727,1187727,6156488,3149603,T9,0.4225538372993469,True
1208412,1208412,5591517,3267831,T9,0.9730387330055237,True
937058,937058,2826857,2399443,T4,0.8690458536148071,True
1142907,1142907,3417081,2986174,T9,0.679853081703186,True
20255,20255,3585689,78428,T4,0.39105314016342163,True
165630,165630,3702879,453636,T9,0.7338219285011292,True
834697,834697,1876308,2111545,T5,0.4937637746334076,True
1204822,1204822,5883004,3253382,T9,0.7080815434455872,True
508846,508846,1776353,1186503,T8,0.7480198740959167,True
914292,914292,3852747,2333620,T9,0.9593126177787781,True
256344,256344,5666493,650617,T10,0.4418965280056,True
370756,370756,6091602,878013,T3,0.4108036756515503,True
538694,538694,6374314,1261175,T11,0.9895831942558289,True
826276,826276,5699171,2088307,T8,0.7708149552345276,True
151618,151618,3237600,421025,T5,0.4035792946815491,True
478912,478912,3264470,1113642,T1,0.25200608372688293,True
263479,263479,5757445,663874,T3,0.4902068078517914,True
524984,524984,6609371,1225488,T9,0.39857664704322815,True
888755,888755,2410068,2262410,T8,0.5052015781402588,True
684583,684583,3554165,1673939,T2,0.8981472849845886,True
476439,476439,5486609,1106696,T9,0.5257009267807007,True
771590,771590,3462840,1932068,T10,0.36571764945983887,True
1082979,1082979,6012822,2861875,T5,0.32001933455467224,True
221153,221153,2812163,576879,T3,0.5211623311042786,True
244335,244335,2032606,624994,T5,0.5733698010444641,True
595652,595652,5427884,1400424,T3,0.5727559328079224,True
40781,40781,1985497,134273,T4,0.4016461670398712,True
1260106,1260106,5789659,3458565,T11,0.969444215297699,True
679774,679774,2980811,1657306,T8,0.5294289588928223,True
1181839,1181839,6165911,3120977,T11,0.9895831942558289,True
1112038,1112038,2265708,2929806,T3,0.5268967747688293,True
872389,872389,5686021,2214890,T6,0.5074529051780701,True
836640,836640,2922152,2117442,T1,0.3323216438293457,True
514900,514900,2842653,1200433,T1,0.46110108494758606,True
526559,526559,3827417,1230292,T8,0.48811036348342896,True
1220296,1220296,5912004,3325089,T11,0.4849124848842621,True
1204007,1204007,5884477,3248738,T9,0.8262631297111511,True
1138417,1138417,5117491,2978134,T11,0.7627612948417664,True
96756,96756,2663091,294497,T5,0.4805861711502075,True
601946,601946,2714365,1417666,T4,0.6263712644577026,True
347405,347405,2575878,827501,T4,0.4288625717163086,True
228069,228069,2856435,591857,T10,0.4776962399482727,True
260252,260252,5634734,657727,T8,0.3350163996219635,True
394566,394566,6022538,931886,T4,0.6246961355209351,True
528337,528337,2573669,1234824,T5,0.3388879597187042,True
1179507,1179507,2145515,3108261,T9,0.4439041018486023,True
834960,834960,5872211,2112434,T5,0.2536257207393646,True
958540,958540,4756025,2467289,T10,0.5494691133499146,True
1043153,1043153,4026386,2737449,T1,0.5091513991355896,True
301979,301979,3366860,738622,T9,0.9166638851165771,True
482515,482515,5455375,1122917,T2,0.4599296748638153,True
809550,809550,5281003,2039740,T1,0.5553117394447327,True
1130780,1130780,4985048,2964864,T2,0.7405038475990295,True
70904,70904,2260189,224470,T10,0.4931544363498688,True
738427,738427,3718672,1838705,T3,0.4686353802680969,True
972460,972460,1378631,2512578,T10,0.6959899067878723,True
1036652,1036652,2669083,2719210,T5,0.34126436710357666,True
187304,187304,6533300,507801,T3,0.42329150438308716,True
278557,278557,5378848,692520,T11,0.8288202881813049,True
719365,719365,3419047,1784506,T9,0.3929593563079834,True
113096,113096,6265245,333839,T9,0.5470066070556641,True
329757,329757,2563969,792421,T2,0.4663866460323334,True
1030369,1030369,3797303,2699222,T4,0.6261643767356873,True
648533,648533,4016365,1560349,T4,0.6125938296318054,True
1043969,1043969,3493345,2739963,T10,0.7728840112686157,True
52249,52249,6404353,166431,T11,0.4266148507595062,True
964566,964566,4894242,2486269,T11,0.46606433391571045,True
1191343,1191343,6594963,3168244,T9,0.8042161464691162,True
1147536,1147536,6600155,2998405,T6,0.5594108700752258,True
129903,129903,3442617,372420,T5,0.4315676987171173,True
1112270,1112270,6526485,2930277,T9,0.5242137312889099,True
936159,936159,4200266,2396766,T1,0.4858848750591278,True
1158116,1158116,6250587,3040066,T9,0.5262054204940796,True
312331,312331,4811547,759273,T3,0.6702487468719482,True
1175409,1175409,5816166,3087951,T12,0.9193590879440308,True
794300,794300,4485447,1997780,T8,0.5905007123947144,True
394656,394656,4521275,932050,T9,0.7102381587028503,True
1230981,1230981,6248083,3355976,T11,0.4527253210544586,True
364291,364291,2708661,864595,T4,0.3624498248100281,True
93911,93911,6228788,287381,T9,0.317135751247406,True
244750,244750,3595980,625892,T8,0.7165831923484802,True
981832,981832,4038006,2547439,T9,0.6128762364387512,True
996603,996603,3779030,2595292,T1,0.3381716310977936,True
862247,862247,2986684,2185696,T1,0.4444620907306671,True
820650,820650,4572694,2072440,T1,0.5668666958808899,True
1091294,1091294,3022301,2882822,T4,0.6044952273368835,True
275934,275934,5410026,687473,T4,0.7052556872367859,True
555551,555551,3419163,1298862,T2,0.46666109561920166,True
976055,976055,4456491,2525325,T8,0.5734171867370605,True
1183331,1183331,5894786,3128854,T11,0.9812919497489929,True
290197,290197,5949444,715891,T11,0.48491254448890686,True
786008,786008,1771192,1975420,T10,0.4547528922557831,True
689754,689754,5367827,1691574,T8,0.45147091150283813,True
185585,185585,3364966,504027,T4,0.37705832719802856,True
1256315,1256315,6365591,3443248,T11,0.7534601092338562,True
1127967,1127967,4957354,2959987,T5,0.7023066878318787,True
364052,364052,3024432,864113,T5,0.3156527578830719,True
481444,481444,3766649,1120484,T9,0.4810597002506256,True
1252791,1252791,1490217,3426218,T4,0.409582257270813,True
397372,397372,6464263,937869,T9,0.5701953768730164,True
928544,928544,3218979,2374541,T9,0.9460769891738892,True
733947,733947,1581353,1826433,T6,0.37338516116142273,True
845757,845757,5434569,2141806,T3,0.40653276443481445,True
77916,77916,4033223,245554,T7,0.45738470554351807,True
712968,712968,2175797,1764185,T5,0.5530622005462646,True
1187579,1187579,6209631,3148807,T9,0.4681291878223419,True
1078730,1078730,2464407,2847981,T5,0.7219823002815247,True
901358,901358,3968240,2297902,T4,0.8553327918052673,True
222296,222296,3786205,579573,T9,0.5122136473655701,True
579778,579778,5764075,1357736,T11,0.9704297184944153,True
152558,152558,4695366,423231,T2,0.5314465761184692,True
256515,256515,5665202,650954,T11,0.969444215297699,True
1264038,1264038,3513810,3468866,T10,0.5983135104179382,True
685908,685908,5412562,1678769,T4,0.730804979801178,True
343391,343391,3831622,819061,T3,0.41005033254623413,True
979863,979863,2937022,2540472,T4,0.35399627685546875,True
391300,391300,6042599,925017,T11,0.9704298377037048,True
120149,120149,2883084,350422,T1,0.5141480565071106,True
387845,387845,4658864,917623,T3,0.2864445149898529,True
144480,144480,1941516,404712,T10,0.8231232762336731,True
1062361,1062361,2649983,2797956,T1,0.5018017888069153,True
782170,782170,5527561,1963820,T4,0.5625699758529663,True
272586,272586,5429605,681000,T9,0.8609510660171509,True
1063805,1063805,2581649,2802697,T10,0.5434826016426086,True
1096365,1096365,2395705,2896996,T4,0.4527045786380768,True
1084315,1084315,1892617,2865358,T1,0.40476924180984497,True
591915,591915,5606733,1390196,T9,0.7462027668952942,True
1284629,1284629,3801217,3519075,T10,0.5032047629356384,True
781698,781698,5131190,1962376,T4,0.5096799731254578,True
182786,182786,6367115,497138,T3,0.4870147705078125,True
744485,744485,2475658,1856251,T5,0.2671911418437958,True
91598,91598,3677284,281402,T9,0.6944385766983032,True
627082,627082,6067819,1494471,T1,0.6273072361946106,True
1260029,1260029,2486681,3457628,T2,0.46292367577552795,True
587646,587646,5681724,1378544,T7,0.2543199956417084,True
88381,88381,3629592,273455,T4,0.46712726354599,True
1059729,1059729,6456745,2789401,T5,0.38540273904800415,True
8626,8626,4843376,45741,T8,0.672687292098999,True
1200412,1200412,5985575,3232563,T8,0.34475570917129517,True
193076,193076,3195400,519085,T10,0.6559301018714905,True
245703,245703,5709149,627886,T3,0.37079688906669617,True
7787,7787,2952937,42965,T8,0.4016773998737335,True
1209844,1209844,5586809,3277211,T9,0.30020174384117126,True
1286855,1286855,6151433,3527664,T4,0.5913118720054626,True
938231,938231,3044286,2403039,T9,0.41488972306251526,True
240932,240932,3249758,618059,T3,0.5601746439933777,True
1116509,1116509,1426246,2938622,T5,0.4340170919895172,True
2899,2899,6567388,23664,T11,0.8818931579589844,True
820243,820243,3254423,2071316,T8,0.42888644337654114,True
304043,304043,6438114,742497,T1,0.7094835042953491,True
361321,361321,6110524,858731,T2,0.6276216506958008,True
531049,531049,4260845,1242070,T6,0.6982978582382202,True
1223152,1223152,6276869,3333414,T11,0.9078739881515503,True
716218,716218,2830444,1774445,T9,0.33086302876472473,True
705840,705840,6620893,1742022,T9,0.7285867929458618,True
693098,693098,3068835,1702456,T8,0.4078870713710785,True
420549,420549,3452923,984904,T4,0.6912955641746521,True
823675,823675,6434922,2081243,T2,0.4154444932937622,True
598146,598146,5369740,1406959,T8,0.3171125054359436,True
1054078,1054078,2708911,2771010,T3,0.7128089070320129,True
362244,362244,2710135,860581,T1,0.41354814171791077,True
1191852,1191852,6319062,3171323,T4,0.6536028981208801,True
975891,975891,3216934,2524589,T3,0.8690457940101624,True
1250099,1250099,1293239,3421738,T5,0.27493271231651306,True
60901,60901,3775628,193582,T1,0.5546770691871643,True
122534,122534,2544578,355904,T2,0.29463428258895874,True
1278316,1278316,5957915,3503429,T1,0.41882964968681335,True
298982,298982,6614876,733158,T11,0.8125959634780884,True
1177516,1177516,6229837,3094795,T11,0.9423316121101379,True
129596,129596,3595100,371739,T8,0.31326544284820557,True
1128900,1128900,1297585,2961569,T5,0.3808215856552124,True
668508,668508,5853423,1622075,T1,0.4926384687423706,True
41358,41358,4303028,135889,T5,0.3531666696071625,True
874963,874963,5222620,2222381,T4,0.5555969476699829,True
838965,838965,4643427,2123954,T4,0.39724576473236084,True
738405,738405,6351075,1838643,T9,0.7021559476852417,True
111858,111858,5037739,330701,T6,0.605027973651886,True
470749,470749,6485213,1091501,T4,0.8656297922134399,True
636459,636459,6344333,1522912,T12,0.6374930143356323,True
315224,315224,2093686,765174,T5,0.4903620481491089,True
634443,634443,6559148,1516957,T12,0.687046468257904,True
338074,338074,6165516,808709,T8,0.43144145607948303,True
961263,961263,1395974,2475313,T5,0.6530835032463074,True
635947,635947,4720595,1521375,T4,0.7073683142662048,True
272624,272624,5429470,681064,T3,0.3218126595020294,True
268219,268219,6238137,672823,T9,0.6245428323745728,True
981218,981218,3088591,2545190,T1,0.7079668045043945,True
478115,478115,4551456,1111186,T2,0.6157229542732239,True
66524,66524,5673769,210841,T11,0.5168688297271729,True
56285,56285,4579828,179465,T9,0.6099267601966858,True
222,222,6825507,4454,T8,0.3514626920223236,True
646543,646543,6259253,1554171,T4,0.38006171584129333,True
623088,623088,4427906,1482245,T11,0.3719002604484558,True
592031,592031,5605712,1390527,T10,0.47860434651374817,True
284019,284019,3241479,704012,T8,0.6321490406990051,True
907412,907412,1372180,2314432,T8,0.6387887001037598,True
162933,162933,3326872,446813,T5,0.6046974658966064,True
65700,65700,2582212,208475,T2,0.4096636474132538,True
663338,663338,4909601,1605083,T9,0.9202336668968201,True
583745,583745,4688781,1367288,T10,0.548720121383667,True
190818,190818,6278564,514589,T1,0.31010180711746216,True
45967,45967,2768267,149250,T3,0.42643144726753235,True
104419,104419,6347104,313238,T11,0.8872437477111816,True
337691,337691,2555194,807974,T8,0.5139578580856323,True
94936,94936,6454306,289791,T12,0.6947820782661438,True
494761,494761,6565143,1152192,T2,0.40036314725875854,True
234744,234744,2390916,604306,T7,0.2818010747432709,True
476104,476104,5488040,1105873,T11,0.946509599685669,True
349044,349044,2694248,831612,T2,0.549333930015564,True
49690,49690,4814323,159286,T5,0.3532599210739136,True
127376,127376,2726762,366842,T3,0.4865213632583618,True
364889,364889,6140090,865898,T3,0.7401273250579834,True
958062,958062,4176324,2465722,T5,0.7264037132263184,True
958765,958765,3697801,2467925,T1,0.31468665599823,True
218325,218325,3744067,571000,T4,0.3346964120864868,True
876493,876493,4130333,2226916,T2,0.43772295117378235,True
801455,801455,6410552,2016873,T11,0.7335071563720703,True
955326,955326,1735364,2456802,T10,0.5378207564353943,True
913360,913360,4656201,2331088,T5,0.4661952257156372,True
430271,430271,3278296,1004073,T8,0.47589111328125,True
111522,111522,3587023,329984,T3,0.4878863990306854,True
1205023,1205023,6490878,3254316,T11,0.5997611880302429,True
1174180,1174180,5662013,3084974,T1,0.5190802812576294,True
1027224,1027224,3711155,2689363,T9,0.91666579246521,True
982101,982101,3086875,2548330,T9,0.8257913589477539,True
542564,542564,3827730,1271194,T8,0.513243556022644,True
848570,848570,3741456,2150086,T8,0.6569899916648865,True
1254604,1254604,6519342,3434645,T9,0.45342379808425903,True
1228482,1228482,2475451,3347097,T8,0.6406091451644897,True
1101532,1101532,2293889,2907718,T1,0.8198307752609253,True
185672,185672,6395776,504247,T9,0.6337886452674866,True
1238593,1238593,5640811,3381480,T11,0.9919589757919312,True
453327,453327,3988886,1051079,T4,0.5709710717201233,True
523646,523646,3834461,1221652,T8,0.5033042430877686,True
834775,834775,3166160,2111813,T7,0.3831731379032135,True
61773,61773,3120514,196086,T2,0.8472194075584412,True
1214328,1214328,6292085,3298288,T3,0.3914937674999237,True
634068,634068,4727345,1515756,T6,0.5526373386383057,True
1176675,1176675,2367905,3091529,T8,0.4287409484386444,True
302503,302503,4248577,739636,T3,0.3588515520095825,True
1238069,1238069,6477585,3379993,T2,0.43224260210990906,True
917532,917532,2426676,2342539,T9,0.6781406998634338,True
767004,767004,5229771,1918546,T11,0.5408825278282166,True
253249,253249,6624582,644510,T10,0.39627182483673096,True
1018008,1018008,4180241,2660764,T2,0.42335692048072815,True
899709,899709,3975447,2293374,T2,0.5176568031311035,True
206045,206045,3881426,546262,T10,0.5599307417869568,True
567250,567250,5049434,1325350,T9,0.8341140747070312,True
1280167,1280167,5678738,3507555,T9,0.44363173842430115,True
426047,426047,5916542,995416,T4,0.4571882486343384,True
1149190,1149190,2059979,3007476,T5,0.3976658284664154,True
1252104,1252104,2132655,3425359,T3,0.41054314374923706,True
901080,901080,4684045,2297082,T11,0.5383822321891785,True
993763,993763,2976199,2586086,T3,0.4516875743865967,True
1059330,1059330,3577165,2788027,T10,0.6930875778198242,True
1167731,1167731,5681443,3066628,T11,0.9791660904884338,True
25837,25837,1666637,91297,T10,0.4733791649341583,True
1015644,1015644,3876860,2654180,T5,0.3875710368156433,True
641108,641108,5930831,1537392,T6,0.5266633033752441,True
1246209,1246209,2692980,3408990,T3,0.44860389828681946,True
474008,474008,5495252,1100147,T1,0.585915207862854,True
588492,588492,5664057,1380736,T3,0.6471619009971619,True
1247571,1247571,2296359,3413436,T5,0.4636872112751007,True
863190,863190,2045257,2188082,T3,0.7577015161514282,True
461988,461988,5550374,1070092,T8,0.7389816641807556,True
617814,617814,6610143,1466108,T4,0.7576444745063782,True
578334,578334,4812962,1354250,T2,0.8831952810287476,True
674182,674182,4085905,1640177,T10,0.4511258602142334,True
687111,687111,2123960,1682983,T5,0.6625767946243286,True
1062518,1062518,2656918,2798450,T4,0.4942733645439148,True
7123,7123,3643333,40881,T9,0.8667706847190857,True
450039,450039,3217601,1044294,T10,0.804645836353302,True
386482,386482,3478007,915029,T2,0.5201151371002197,True
921278,921278,3132691,2353228,T9,0.6696890592575073,True
844999,844999,4326572,2139651,T9,0.5055965781211853,True
744239,744239,3129219,1855582,T10,0.6161043643951416,True
289729,289729,2101095,715007,T3,0.3849784731864929,True
801048,801048,4046368,2015679,T1,0.4750649631023407,True
642847,642847,5869201,1542853,T4,0.32033151388168335,True
883128,883128,3101161,2246154,T3,0.48228201270103455,True
757134,757134,2415390,1891046,T9,0.5663163661956787,True
33427,33427,4403849,113727,T9,0.811954140663147,True
923244,923244,4111505,2358812,T8,0.27494490146636963,True
731587,731587,4636844,1819973,T4,0.23767051100730896,True
195800,195800,3195018,524503,T9,0.369951993227005,True
318112,318112,4012430,770397,T1,0.3332250416278839,True
1106382,1106382,2578021,2918182,T5,0.41990649700164795,True
1200350,1200350,5618728,3232236,T9,0.813984751701355,True
1218342,1218342,6294200,3318787,T9,0.9601699709892273,True
1080826,1080826,2827349,2854724,T1,0.816661536693573,True
771653,771653,4843772,1932238,T4,0.46430182456970215,True
667108,667108,3154772,1617702,T5,0.46265146136283875,True
719865,719865,5102815,1786083,T2,0.7405038475990295,True
1020426,1020426,5013119,2667594,T2,0.43909966945648193,True
235430,235430,5766317,605676,T8,0.7040731906890869,True
154407,154407,4588755,427169,T9,0.42143309116363525,True
778371,778371,2929542,1952400,T2,0.8166648745536804,True
571902,571902,2821896,1337475,T4,0.441061407327652,True
664663,664663,5538012,1609856,T11,0.9786816239356995,True
768599,768599,5258377,1923318,T9,0.5995230674743652,True
603780,603780,5219797,1423123,T2,0.32271450757980347,True
211435,211435,5974543,556943,T11,0.6006103157997131,True
858976,858976,2989832,2177909,T3,0.4818679690361023,True
643073,643073,5868776,1543517,T4,0.2723948657512665,True
1167444,1167444,2086210,3065833,T5,0.18634361028671265,True
341360,341360,5506998,815158,T4,0.45060211420059204,True
1208940,1208940,6586184,3270920,T9,0.512394905090332,True
1175008,1175008,5813738,3086988,T11,0.6509712934494019,True
851325,851325,4048579,2157455,T4,0.33070680499076843,True
861093,861093,2987168,2182800,T10,0.5878260135650635,True
1226111,1226111,2293586,3339928,T8,0.3397701382637024,True
505276,505276,6705622,1177793,T8,0.3776492178440094,True
697420,697420,4197822,1716548,T5,0.46752914786338806,True
1231286,1231286,6200192,3356953,T9,0.3345854878425598,True
610621,610621,2753374,1443193,T1,0.6270486116409302,True
314024,314024,5127265,762999,T1,0.3816325068473816,True
911643,911643,3907252,2326468,T8,0.45754653215408325,True
312348,312348,4809063,759300,T1,0.8378212451934814,True
1155510,1155510,6259843,3032390,T9,0.9730386137962341,True
317121,317121,5635541,768595,T11,0.943855345249176,True
518978,518978,5278849,1209668,T9,0.6357676982879639,True
125101,125101,3607691,361840,T5,0.5507421493530273,True
599199,599199,5339518,1409765,T3,0.46943238377571106,True
706944,706944,3295974,1745501,T5,0.4906366169452667,True
1232199,1232199,2724416,3360388,T3,0.8981460928916931,True
736194,736194,3226206,1832553,T5,0.5923899412155151,True
775201,775201,4926846,1942833,T8,0.4519031345844269,True
1195100,1195100,6148030,3199562,T8,0.6067209839820862,True
796310,796310,2825651,2003301,T1,0.3477235734462738,True
903725,903725,3959206,2304528,T9,0.4858907163143158,True
89598,89598,3687088,276494,T10,0.5117146372795105,True
1007505,1007505,3600414,2629651,T5,0.357943594455719,True
980105,980105,3591606,2541297,T2,0.33844611048698425,True
309651,309651,5919430,753247,T1,0.5407301783561707,True
802963,802963,3843908,2021097,T9,0.9601699709892273,True
1237839,1237839,6167303,3379243,T9,0.9563485383987427,True
454411,454411,2962783,1053276,T10,0.7929385304450989,True
715182,715182,6508346,1771001,T11,0.45192986726760864,True
952238,952238,2999190,2446637,T8,0.8904637098312378,True
1031658,1031658,2813079,2703037,T3,0.42488721013069153,True
544994,544994,3127261,1277398,T10,0.4455171525478363,True
1000280,1000280,3072040,2606945,T4,0.859825074672699,True
826236,826236,4359648,2088182,T1,0.3850807249546051,True
1197981,1197981,6501307,3216150,T4,0.757644534111023,True
140934,140934,4967549,397286,T1,0.7479410767555237,True
160770,160770,3392110,441433,T4,0.7708323001861572,True
932665,932665,3969067,2386507,T3,0.4768855571746826,True
1234398,1234398,3198828,3368052,T5,0.5529296398162842,True
1013131,1013131,3593964,2646560,T2,0.8899772763252258,True
1146232,1146232,6530816,2992552,T9,0.9820253849029541,True
1055359,1055359,2700846,2774947,T4,0.3939649164676666,True
711976,711976,3292032,1761203,T1,0.5953907370567322,True
907550,907550,2778347,2314846,T5,0.5171582102775574,True
186056,186056,2800685,505094,T9,0.6592949628829956,True
1172628,1172628,5792940,3080603,T9,0.3700796663761139,True
92674,92674,3448542,284272,T9,0.531728982925415,True
246664,246664,2804177,630015,T10,0.4699948728084564,True
1215720,1215720,2298510,3304754,T10,0.49975764751434326,True
277965,277965,5396660,691331,T9,0.5320250391960144,True
1291828,1291828,1375179,3583638,T10,0.37347108125686646,True
1068246,1068246,2596566,2816997,T4,0.40150266885757446,True
1029252,1029252,4001220,2695828,T3,0.6158624887466431,True
996310,996310,2971560,2594345,T2,0.41565051674842834,True
965341,965341,2776764,2488985,T1,0.7687404155731201,True
152454,152454,3345879,423000,T8,0.5429968237876892,True
661783,661783,5562184,1599519,T6,0.4452224671840668,True
982523,982523,2730119,2549647,T2,0.3606685698032379,True
473753,473753,2689187,1099554,T5,0.3431774377822876,True
529915,529915,6469672,1238716,T5,0.2840976119041443,True
1018614,1018614,2790102,2662554,T4,0.3456149399280548,True
113730,113730,4242244,335404,T1,0.6577974557876587,True
304143,304143,5189105,742688,T4,0.38477823138237,True
602169,602169,2766266,1418335,T1,0.5128334164619446,True
877268,877268,5199239,2229196,T9,0.5739503502845764,True
234217,234217,2394045,603281,T5,0.5418760180473328,True
1008136,1008136,3083199,2631472,T5,0.32306915521621704,True
208753,208753,6327837,551670,T9,0.949073076248169,True
1140782,1140782,1483474,2982492,T5,0.3516009747982025,True
863623,863623,5342897,2189234,T2,0.726080596446991,True
1015635,1015635,2898456,2654154,T10,0.37574175000190735,True
341145,341145,6168831,814758,T12,0.6947820782661438,True
1153587,1153587,6019782,3026981,T9,0.3670521378517151,True
925573,925573,5188673,2365751,T10,0.7566656470298767,True
91814,91814,3675882,281995,T8,0.29099059104919434,True
644997,644997,3420618,1549457,T1,0.7293046712875366,True
946391,946391,4952486,2429101,T11,0.5476894974708557,True
225241,225241,6525964,585900,T9,0.47998926043510437,True
525262,525262,6610153,1226229,T9,0.8479664921760559,True
275898,275898,5730322,687398,T11,0.8292250633239746,True
1222784,1222784,4212438,3332620,T1,0.4312460720539093,True
396558,396558,6023513,936058,T9,0.5117108225822449,True
419813,419813,4927534,983463,T8,0.4822902977466583,True
591316,591316,6401365,1388490,T4,0.5015867948532104,True
1171082,1171082,1827291,3075765,T4,0.5959520936012268,True
53925,53925,5738317,171801,T8,0.49899598956108093,True
734019,734019,5759159,1826617,T8,0.6679425835609436,True
882752,882752,5974238,2245018,T11,0.9738092422485352,True
993680,993680,3954613,2585841,T2,0.371358186006546,True
447141,447141,5496502,1037846,T1,0.526702880859375,True
567647,567647,5038165,1326300,T4,0.46080297231674194,True
18995,18995,6369847,75101,T8,0.6973785161972046,True
953908,953908,1858143,2452147,T9,0.42521363496780396,True
252272,252272,5698639,642351,T4,0.5931674838066101,True
322319,322319,4058599,778225,T5,0.33077749609947205,True
189751,189751,4930109,512623,T9,0.8332937955856323,True
247364,247364,6345071,631975,T11,0.9894634485244751,True
888321,888321,5639995,2261280,T8,0.7073999047279358,True
126517,126517,4983810,364930,T9,0.9776417016983032,True
362074,362074,4785907,860271,T5,0.296562522649765,True
504233,504233,5340755,1175607,T9,0.4707348942756653,True
582653,582653,3035028,1364422,T5,0.3127068281173706,True
114861,114861,3517285,338179,T8,0.6685827374458313,True
795341,795341,5902417,2000531,T11,0.6945235729217529,True
1281208,1281208,6152905,3510053,T10,0.5259771943092346,True
1243575,1243575,6366268,3398203,T5,0.36711880564689636,True
426537,426537,1778113,996393,T10,0.520887553691864,True
1250164,1250164,1552140,3421832,T7,0.4305165410041809,True
324558,324558,5050136,782485,T11,0.9490708112716675,True
515686,515686,1317020,1202361,T1,0.5498349070549011,True
1258679,1258679,3617893,3453665,T4,0.5049698948860168,True
878657,878657,2960528,2233264,T8,0.5676436424255371,True
777083,777083,5433772,1948405,T8,0.35062023997306824,True
1006123,1006123,4831278,2625389,T9,0.3638855516910553,True
982455,982455,3900979,2549458,T4,0.7664827704429626,True
630509,630509,6394653,1504882,T12,0.9764955043792725,True
515377,515377,2038019,1201658,T9,0.973038375377655,True
643814,643814,4754027,1545861,T10,0.5679914355278015,True
1002478,1002478,2989889,2613742,T1,0.3257557451725006,True
1272149,1272149,2696309,3486907,T8,0.6018824577331543,True
261200,261200,5623910,659621,T11,0.952347993850708,True
514083,514083,3020074,1198665,T5,0.4832569658756256,True
666400,666400,2723083,1615430,T2,0.3351082503795624,True
1208941,1208941,3339853,3270921,T2,0.42657017707824707,True
736250,736250,1918730,1832700,T10,0.31993409991264343,True
1207167,1207167,5591041,3263734,T8,0.44841447472572327,True
408643,408643,4668336,961327,T1,0.5769312381744385,True
448927,448927,5788284,1041745,T5,0.385949045419693,True
14469,14469,3882001,62344,T2,0.48526686429977417,True
883631,883631,6353429,2247647,T4,0.6116618514060974,True
756411,756411,4270262,1888946,T4,0.6282724142074585,True
